target,district_value,national_avg,difference
asthma_live_discharges,4056.3636363636365,5901.8436363636365,-1845.48
bronchitis_live_discharges,708.0909090909091,1374.6036363636363,-666.5127272727271
asthma_deaths,2.909090909090909,20.003636363636364,-17.094545454545454
bronchitis_deaths,12.272727272727273,44.86545454545454,-32.59272727272727
asthma_cfr,4.608181818181818,12.96261818181818,-8.35443636363636
bronchitis_cfr,2.0236363636363635,234.0098909090909,-231.98625454545453
