target,district_value,national_avg,difference
asthma_live_discharges,3010.818181818182,5901.8436363636365,-2891.0254545454545
bronchitis_live_discharges,1919.4545454545455,1374.6036363636363,544.8509090909092
asthma_deaths,13.090909090909092,20.003636363636364,-6.912727272727272
bronchitis_deaths,55.0,44.86545454545454,10.13454545454546
asthma_cfr,27.673636363636366,12.96261818181818,14.711018181818186
bronchitis_cfr,411.18636363636364,234.0098909090909,177.17647272727274
